Player,JerseyNumber,Position,GamesPlayed,PassBlockingTotalSnaps,PassBlockingTotalSnaps.1,PassBlockingTotalSnapsPercentage,PassBlockingGrade,PassBlockingPenalties,PassBlockingPressuresAllowedTotalSnaps,PassBlockingPressuresAllowedTotalSnapsPercentage,PassBlockingPressuresAllowedSacks,PassBlockingPressuresAllowedHits,PassBlockingPressuresAllowedHurries,PassBlockingPressuresAllowedTotal,PassBlockingPressuresAllowedEfficiency,TruePassSetSnaps,TruePassSetSnaps.1,TruePassSetSnapsPercentage,TruePassSetGrade,TruePassSetPressuresAllowedTotalSnaps,TruePassSetPressuresAllowedTotalSnapsPercentage,TruePassSetPressuresAllowedSacks,TruePassSetPressuresAllowedHits,TruePassSetPressuresAllowedHurries,TruePassSetPressuresAllowedTotal,TruePassSetPressuresAllowedEfficiency
Malcolm Rodriguez,#44,LB,4.0,10.0,3.0,30.0,82.0,0 (0),3.0,37.5,0.0,0.0,0.0,0.0,100.0,2.0,0.0,0.0,-,0.0,0.0,0.0,0.0,0.0,0.0,
Taylor Decker,#68,T,18.0,720.0,719.0,99.9,79.4,3 (0),688.0,100.0,8.0,9.0,27.0,44.0,96.2,312.0,312.0,100.0,64.3,302.0,100.0,8.0,5.0,24.0,37.0,92.5
Penei Sewell,#58,T,20.0,796.0,794.0,99.7,79.2,4 (0),757.0,99.7,1.0,6.0,18.0,25.0,98.3,356.0,356.0,100.0,74.4,343.0,100.0,1.0,6.0,11.0,18.0,97.2
Zonovan Knight,#28,HB,2.0,5.0,1.0,20.0,76.7,0 (0),1.0,20.0,0.0,0.0,0.0,0.0,100.0,0.0,0.0,,-,0.0,,0.0,0.0,0.0,0.0,
James Mitchell,#82,TE,13.0,69.0,14.0,20.3,74.4,0 (0),14.0,21.5,0.0,0.0,0.0,0.0,100.0,20.0,2.0,10.0,45.1,2.0,10.0,0.0,0.0,0.0,0.0,100.0
Anthony Firkser,#86,TE,3.0,14.0,2.0,14.3,72.7,0 (0),2.0,15.4,0.0,0.0,0.0,0.0,100.0,3.0,0.0,0.0,-,0.0,0.0,0.0,0.0,0.0,0.0,
Marvin Jones Jr.,#00,WR,6.0,101.0,2.0,2.0,72.7,0 (0),2.0,2.1,0.0,0.0,0.0,0.0,100.0,42.0,0.0,0.0,-,0.0,0.0,0.0,0.0,0.0,0.0,
Matt Nelson,#67,T,2.0,49.0,49.0,100.0,71.6,0 (0),47.0,100.0,0.0,1.0,1.0,2.0,97.9,27.0,27.0,100.0,63.0,27.0,100.0,0.0,1.0,1.0,2.0,96.3
Frank Ragnow,#77,C,18.0,697.0,697.0,100.0,70.3,1 (0),665.0,100.0,1.0,6.0,16.0,23.0,98.2,314.0,314.0,100.0,60.8,303.0,100.0,1.0,2.0,13.0,16.0,97.2
Halapoulivaati Vaitai,#72,G,3.0,122.0,122.0,100.0,68.4,0 (0),115.0,100.0,1.0,0.0,2.0,3.0,98.3,60.0,60.0,100.0,52.9,58.0,100.0,1.0,0.0,2.0,3.0,96.6
Brock Wright,#89,TE,16.0,214.0,56.0,26.2,64.0,0 (0),51.0,24.8,0.0,0.0,3.0,3.0,97.1,59.0,3.0,5.1,45.4,3.0,5.1,0.0,0.0,0.0,0.0,100.0
Jack Fox,#03,P,1.0,1.0,1.0,100.0,63.8,0 (0),1.0,100.0,0.0,0.0,0.0,0.0,100.0,0.0,0.0,,-,0.0,,0.0,0.0,0.0,0.0,
Will Harris,#25,CB,1.0,1.0,1.0,100.0,63.8,0 (0),1.0,100.0,0.0,0.0,0.0,0.0,100.0,0.0,0.0,,-,0.0,,0.0,0.0,0.0,0.0,
Jack Campbell,#46,LB,1.0,1.0,1.0,100.0,62.7,0 (0),1.0,100.0,0.0,0.0,0.0,0.0,100.0,0.0,0.0,,-,0.0,,0.0,0.0,0.0,0.0,
Anthony Pittman,#57,ED,1.0,1.0,1.0,100.0,62.7,0 (0),1.0,100.0,0.0,0.0,0.0,0.0,100.0,0.0,0.0,,-,0.0,,0.0,0.0,0.0,0.0,
Donovan Peoples-Jones,#19,WR,10.0,46.0,1.0,2.2,62.4,0 (0),1.0,2.3,0.0,0.0,0.0,0.0,100.0,20.0,0.0,0.0,-,0.0,0.0,0.0,0.0,0.0,0.0,
Jameson Williams,#09,WR,15.0,342.0,1.0,0.3,61.8,0 (0),1.0,0.3,0.0,0.0,0.0,0.0,100.0,165.0,0.0,0.0,-,0.0,0.0,0.0,0.0,0.0,0.0,
Josh Reynolds,#08,WR,20.0,608.0,1.0,0.2,61.6,1 (0),1.0,0.2,0.0,0.0,0.0,0.0,100.0,284.0,0.0,0.0,-,0.0,0.0,0.0,0.0,0.0,0.0,
Jake McQuaide,#43,LS,1.0,1.0,1.0,100.0,61.5,0 (0),1.0,100.0,0.0,0.0,0.0,0.0,100.0,0.0,0.0,,-,0.0,,0.0,0.0,0.0,0.0,
Jonah Jackson,#73,G,14.0,480.0,480.0,100.0,60.7,2 (2),456.0,100.0,2.0,8.0,17.0,27.0,96.8,190.0,190.0,100.0,45.4,182.0,100.0,2.0,7.0,10.0,19.0,94.2
Sam LaPorta,#87,TE,20.0,689.0,63.0,9.1,59.9,0 (0),59.0,9.0,0.0,1.0,2.0,3.0,97.5,331.0,14.0,4.2,54.8,13.0,4.1,0.0,0.0,0.0,0.0,100.0
Dan Skipper,#70,G,13.0,49.0,38.0,77.6,58.3,0 (0),34.0,77.3,1.0,1.0,1.0,3.0,94.1,8.0,8.0,100.0,79.4,6.0,100.0,0.0,0.0,0.0,0.0,100.0
Graham Glasgow,#60,G,19.0,735.0,735.0,100.0,54.8,1 (0),702.0,100.0,3.0,8.0,35.0,46.0,96.5,332.0,332.0,100.0,50.8,320.0,100.0,2.0,5.0,24.0,31.0,94.8
Darrell Daniels,#86,FB,2.0,5.0,2.0,40.0,46.4,0 (0),2.0,40.0,0.0,0.0,0.0,0.0,100.0,0.0,0.0,,-,0.0,,0.0,0.0,0.0,0.0,
Kayode Awosika,#74,G,6.0,232.0,232.0,100.0,46.0,1 (1),224.0,100.0,1.0,5.0,21.0,27.0,93.7,114.0,114.0,100.0,30.1,110.0,100.0,1.0,2.0,15.0,18.0,91.4
Amon-Ra St. Brown,#14,WR,19.0,725.0,4.0,0.6,39.2,0 (0),4.0,0.6,0.0,0.0,0.0,0.0,100.0,341.0,0.0,0.0,-,0.0,0.0,0.0,0.0,0.0,0.0,
Colby Sorsdal,#75,G,5.0,132.0,132.0,100.0,35.1,0 (0),124.0,100.0,1.0,4.0,9.0,14.0,94.0,68.0,68.0,100.0,28.7,65.0,100.0,0.0,4.0,6.0,10.0,92.3
David Montgomery,#05,HB,17.0,283.0,64.0,22.6,29.7,2 (0),58.0,21.7,2.0,0.0,7.0,9.0,90.5,100.0,26.0,26.0,25.1,24.0,25.0,2.0,0.0,4.0,6.0,83.3
Kalif Raymond,#11,WR,17.0,247.0,1.0,0.4,28.2,1 (0),1.0,0.4,0.0,0.0,0.0,0.0,100.0,125.0,0.0,0.0,-,0.0,0.0,0.0,0.0,0.0,0.0,
Jason Cabinda,#45,FB,7.0,20.0,6.0,30.0,26.9,0 (0),6.0,30.0,0.0,1.0,0.0,1.0,91.7,6.0,1.0,16.7,3.1,1.0,16.7,0.0,1.0,0.0,1.0,50.0
Jahmyr Gibbs,#26,HB,18.0,434.0,44.0,10.1,26.8,0 (0),44.0,10.7,0.0,1.0,9.0,10.0,88.6,219.0,19.0,8.7,20.7,19.0,9.0,0.0,1.0,6.0,7.0,81.6
Craig Reynolds,#13,HB,14.0,77.0,13.0,16.9,24.0,0 (0),13.0,16.9,1.0,0.0,4.0,5.0,76.9,35.0,7.0,20.0,15.5,7.0,20.0,1.0,0.0,4.0,5.0,57.1
,,,,,,,,,,,,,,,,,,,,,,,,,,
