DEFENSE-PASS-RUSH_2023_DEFENSE-PASS-RUSH_2023_Rank,DEFENSE-PASS-RUSH_2023_DEFENSE-PASS-RUSH_2023_Player,DEFENSE-PASS-RUSH_2023_DEFENSE-PASS-RUSH_2023_JerseyNumber,DEFENSE-PASS-RUSH_2023_DEFENSE-PASS-RUSH_2023_Position,DEFENSE-PASS-RUSH_2023_DEFENSE-PASS-RUSH_2023_GamesPlayed,DEFENSE-PASS-RUSH_2023_DEFENSE-PASS-RUSH_2023_PassRushSnaps,DEFENSE-PASS-RUSH_2023_DEFENSE-PASS-RUSH_2023_PassRushTotalSnaps,DEFENSE-PASS-RUSH_2023_DEFENSE-PASS-RUSH_2023_PassRushSnapsPercentage,DEFENSE-PASS-RUSH_2023_DEFENSE-PASS-RUSH_2023_PassRushGrade,DEFENSE-PASS-RUSH_2023_DEFENSE-PASS-RUSH_2023_PassRushPenalties,DEFENSE-PASS-RUSH_2023_DEFENSE-PASS-RUSH_2023_PassRushTotalPressures,DEFENSE-PASS-RUSH_2023_DEFENSE-PASS-RUSH_2023_PassRushSacks,DEFENSE-PASS-RUSH_2023_DEFENSE-PASS-RUSH_2023_PassRushHits,DEFENSE-PASS-RUSH_2023_DEFENSE-PASS-RUSH_2023_PassRushHurries,DEFENSE-PASS-RUSH_2023_DEFENSE-PASS-RUSH_2023_PassRushPressureRate,DEFENSE-PASS-RUSH_2023_DEFENSE-PASS-RUSH_2023_PassRushWinPercentage,DEFENSE-PASS-RUSH_2023_DEFENSE-PASS-RUSH_2023_PassRushBattedPasses,DEFENSE-PASS-RUSH_2023_DEFENSE-PASS-RUSH_2023_TruePassSetSnaps,DEFENSE-PASS-RUSH_2023_DEFENSE-PASS-RUSH_2023_TruePassSetTotalSnaps,DEFENSE-PASS-RUSH_2023_DEFENSE-PASS-RUSH_2023_TruePassSetSnapsPercentage,DEFENSE-PASS-RUSH_2023_DEFENSE-PASS-RUSH_2023_TruePassSetGrade,DEFENSE-PASS-RUSH_2023_DEFENSE-PASS-RUSH_2023_TruePassSetTotalPressures,DEFENSE-PASS-RUSH_2023_DEFENSE-PASS-RUSH_2023_TruePassSetSacks,DEFENSE-PASS-RUSH_2023_DEFENSE-PASS-RUSH_2023_TruePassSetHits,DEFENSE-PASS-RUSH_2023_DEFENSE-PASS-RUSH_2023_TruePassSetHurries,DEFENSE-PASS-RUSH_2023_DEFENSE-PASS-RUSH_2023_TruePassSetPressureRate,DEFENSE-PASS-RUSH_2023_DEFENSE-PASS-RUSH_2023_TruePassSetWinPercentage,DEFENSE-PASS-RUSH_2023_DEFENSE-PASS-RUSH_2023_TruePassSetBattedPasses
1.0,Trent McDuffie,#22,CB,20.0,788.0,70.0,8.9,91.6,5 (2),19.0,3.0,9.0,7.0,16.7,10.6,4.0,322.0,32.0,9.9,91.3,12.0,3.0,5.0,4.0,25.0,10.0,1.0
2.0,Chris Jones,#95,DI,20.0,635.0,633.0,99.7,90.4,4 (0),91.0,15.0,23.0,53.0,8.8,17.8,5.0,286.0,286.0,100.0,90.4,56.0,7.0,15.0,34.0,11.7,24.5,0.0
3.0,Cam Jones,#44,LB,1.0,57.0,8.0,14.0,84.3,0 (0),1.0,0.0,0.0,1.0,8.3,33.3,0.0,30.0,5.0,16.7,79.7,1.0,0.0,0.0,1.0,16.7,33.3,0.0
3.0,Drue Tranquill,#23,LB,19.0,438.0,69.0,15.8,84.3,0 (0),22.0,5.0,2.0,15.0,20.1,17.9,0.0,164.0,30.0,18.3,68.9,10.0,1.0,1.0,8.0,19.0,24.1,0.0
5.0,Justin Reid,#20,S,20.0,790.0,56.0,7.1,73.2,3 (1),12.0,5.0,3.0,4.0,16.0,13.2,1.0,323.0,29.0,9.0,76.8,8.0,4.0,2.0,2.0,23.1,19.2,1.0
6.0,Jaylen Watson,#35,CB,19.0,390.0,10.0,2.6,71.7,3 (0),2.0,2.0,0.0,0.0,20.0,0.0,0.0,188.0,6.0,3.2,81.5,2.0,2.0,0.0,0.0,33.3,0.0,0.0
7.0,Leo Chenal,#54,LB,21.0,255.0,82.0,32.2,71.6,0 (0),19.0,2.0,5.0,12.0,13.1,10.0,1.0,67.0,28.0,41.8,68.8,10.0,1.0,3.0,6.0,20.4,14.8,0.0
8.0,Charles Omenihu,#90,ED,14.0,324.0,318.0,98.1,70.6,2 (1),37.0,8.0,5.0,24.0,7.4,11.2,2.0,158.0,155.0,98.1,75.5,25.0,5.0,4.0,16.0,10.2,16.3,1.0
9.0,Nic Jones,#31,CB,2.0,52.0,5.0,9.6,67.7,0 (0),1.0,0.0,1.0,0.0,10.0,20.0,0.0,28.0,3.0,10.7,75.6,1.0,0.0,1.0,0.0,16.7,33.3,0.0
10.0,Tershawn Wharton,#98,DI,21.0,353.0,343.0,97.2,67.5,1 (0),23.0,3.0,2.0,18.0,3.9,9.4,0.0,139.0,136.0,97.8,73.5,15.0,2.0,2.0,11.0,6.5,14.6,0.0
11.0,George Karlaftis,#56,ED,20.0,650.0,605.0,93.1,65.4,1 (1),83.0,15.0,8.0,60.0,8.4,11.9,4.0,286.0,258.0,90.2,66.8,48.0,12.0,5.0,31.0,12.1,15.8,0.0
12.0,Mike Edwards,#21,S,21.0,574.0,15.0,2.6,65.1,2 (1),6.0,1.0,1.0,4.0,29.2,0.0,0.0,273.0,10.0,3.7,56.0,3.0,0.0,1.0,2.0,18.8,0.0,0.0
13.0,L'Jarius Sneed,#38,CB,20.0,799.0,18.0,2.3,61.6,18 (6),6.0,0.0,3.0,3.0,17.6,5.9,0.0,324.0,7.0,2.2,53.1,2.0,0.0,1.0,1.0,16.7,0.0,0.0
14.0,Nick Bolton,#32,LB,12.0,453.0,58.0,12.8,60.6,2 (1),12.0,3.0,2.0,7.0,13.9,5.6,0.0,184.0,32.0,17.4,53.5,6.0,1.0,0.0,5.0,12.5,10.7,0.0
15.0,Neil Farrell Jr.,#92,DI,5.0,33.0,33.0,100.0,60.5,0 (0),0.0,0.0,0.0,0.0,0.0,0.0,2.0,8.0,8.0,100.0,63.3,0.0,0.0,0.0,0.0,0.0,0.0,1.0
16.0,BJ Thompson,#53,ED,1.0,20.0,20.0,100.0,59.0,0 (0),1.0,0.0,0.0,1.0,2.5,10.0,0.0,8.0,8.0,100.0,60.4,0.0,0.0,0.0,0.0,0.0,12.5,0.0
16.0,Deon Bush,#26,S,8.0,75.0,1.0,1.3,59.0,0 (0),0.0,0.0,0.0,0.0,,,0.0,37.0,1.0,2.7,59.0,0.0,0.0,0.0,0.0,,,0.0
18.0,Mike Danna,#51,ED,20.0,609.0,581.0,95.4,58.6,0 (0),47.0,8.0,7.0,32.0,4.9,7.3,3.0,270.0,259.0,95.9,63.6,34.0,8.0,6.0,20.0,8.6,11.5,0.0
19.0,Keondre Coburn,#94,DI,1.0,3.0,3.0,100.0,58.0,0 (0),0.0,0.0,0.0,0.0,0.0,0.0,0.0,0.0,0.0,,-,0.0,0.0,0.0,0.0,,,0.0
20.0,Willie Gay,#50,LB,19.0,400.0,71.0,17.8,56.5,0 (0),14.0,1.0,2.0,11.0,11.4,4.5,4.0,114.0,20.0,17.5,49.5,4.0,1.0,1.0,2.0,13.9,5.6,0.0
21.0,Chamarri Conner,#27,S,20.0,325.0,25.0,7.7,56.0,0 (0),6.0,0.0,0.0,6.0,12.0,8.0,0.0,136.0,3.0,2.2,84.2,2.0,0.0,0.0,2.0,33.3,66.7,0.0
22.0,Matt Dickerson,#93,DI,13.0,99.0,98.0,99.0,53.7,0 (0),1.0,0.0,0.0,1.0,0.5,3.2,0.0,21.0,21.0,100.0,60.8,1.0,0.0,0.0,1.0,2.5,10.0,0.0
23.0,Mike Pennel,#69,DI,7.0,82.0,80.0,97.6,52.8,0 (0),1.0,0.0,0.0,1.0,0.6,2.6,0.0,23.0,22.0,95.7,55.5,1.0,0.0,0.0,1.0,2.5,5.0,0.0
24.0,Joshua Williams,#02,CB,20.0,314.0,4.0,1.3,52.7,2 (0),0.0,0.0,0.0,0.0,0.0,0.0,0.0,158.0,2.0,1.3,60.0,0.0,0.0,0.0,0.0,0.0,0.0,0.0
25.0,Jack Cochrane,#43,LB,6.0,115.0,15.0,13.0,52.6,0 (0),1.0,0.0,0.0,1.0,3.3,0.0,1.0,50.0,9.0,18.0,46.9,1.0,0.0,0.0,1.0,5.6,0.0,0.0
25.0,Malik Herring,#94,ED,11.0,128.0,123.0,96.1,52.6,1 (0),7.0,2.0,1.0,4.0,3.8,4.3,1.0,46.0,46.0,100.0,50.6,3.0,1.0,1.0,1.0,4.7,4.7,0.0
27.0,Felix Anudike-Uzomah,#97,ED,18.0,168.0,153.0,91.1,52.0,0 (0),11.0,1.0,7.0,3.0,4.0,3.3,0.0,85.0,75.0,88.2,53.0,7.0,1.0,3.0,3.0,5.5,5.5,0.0
28.0,Derrick Nnadi,#91,DI,18.0,251.0,241.0,96.0,51.8,2 (0),9.0,1.0,0.0,8.0,2.2,2.2,1.0,75.0,70.0,93.3,54.2,4.0,1.0,0.0,3.0,3.8,3.1,0.0
,,,,,,,,,,,,,,,,,,,,,,,,,,,
