season,team,position,depth_chart_position,jersey_number,status,full_name,first_name,last_name,birth_date,height,weight,college,gsis_id,espn_id,sportradar_id,yahoo_id,rotowire_id,pff_id,pfr_id,fantasy_data_id,sleeper_id,years_exp,headshot_url,ngs_position,week,game_type,status_description_abbr,football_name,esb_id,gsis_it_id,smart_id,entry_year,rookie_year,draft_club,draft_number
2023,NYG,K,K,21.0,ACT,Mason Crosby,Mason,Crosby,1984-09-03,73.0,207,Colorado,00-0025580,10636.0,e0856548-6fd5-4f83-9aa0-91f1bf4cbbd8,8447.0,5363.0,3809.0,CrosMa20,1694.0,59.0,16,"https://static.www.nfl.com/image/private/f_auto,q_auto/league/usbwgcjsdcugjafgjzvt",,18,REG,A01,Mason,CRO369933,32386,32004352-4f36-9933-a863-d4bf2cc5772e,2007,2007.0,GB,193.0
2023,NYG,K,K,9.0,RES,Graham Gano,Graham,Gano,1987-04-09,74.0,202,Florida State,00-0026858,12460.0,63f8a401-f308-4463-9d0b-4335b98da682,9526.0,6045.0,5443.0,,10333.0,503.0,14,"https://static.www.nfl.com/image/private/f_auto,q_auto/league/nwzlekrz3rsoqlm1rcao",,18,REG,R01,Graham,GAN308500,35102,32004741-4e30-8500-b62f-cb2bc1d26244,2009,2009.0,,
2023,NYG,RB,RB,36.0,CUT,Taiwan Jones,Taiwan,Jones,1988-07-26,72.0,195,Eastern Washington,00-0028063,14167.0,adadafa1-dc37-486d-8538-7db1e1b5f71e,24912.0,7324.0,6277.0,JoneTa00,13063.0,886.0,12,"https://static.www.nfl.com/image/private/f_auto,q_auto/league/va09vgfr7bdc2wb6ikq4",,5,REG,P07,Taiwan,JON731670,37200,32004a4f-4e73-1670-c97b-fc6f9ff14f6c,2011,2011.0,OAK,125.0
2023,NYG,QB,QB,2.0,ACT,Tyrod Taylor,Tyrod,Taylor,1989-08-03,73.0,215,Virginia Tech,00-0028118,14163.0,7f3ef024-eb34-46af-8b9e-544cdf09378f,24967.0,7357.0,6332.0,TaylTy00,12831.0,827.0,12,"https://static.www.nfl.com/image/private/f_auto,q_auto/league/qx6t1lqmc9ws9ledobzn",QB,18,REG,A01,Tyrod,TAY764868,37255,32005441-5976-4868-b81d-df31fbb7fe72,2011,2011.0,BAL,180.0
2023,NYG,WR,WR,9.0,CUT,Cole Beasley,Cole,Beasley,1989-04-26,68.0,174,Southern Methodist,00-0029000,15349.0,7092bb09-a161-4ab9-8d19-fdcf1a91bb3d,26060.0,8249.0,7330.0,BeasCo00,14141.0,1144.0,11,"https://static.www.nfl.com/image/private/f_auto,q_auto/league/y5r0fhwctl6ljwvmktvu",,7,REG,P07,Cole,BEA434808,38947,32004245-4143-4808-b9d8-45a5d1a5ad73,2012,2012.0,,
2023,NYG,K,K,46.0,RES,Randy Bullock,Randol,Bullock,1989-12-16,69.0,210,Texas A&amp;M,00-0029421,15091.0,c7d8781f-b9f6-4e0f-b0b6-29fce3985f3e,25871.0,8222.0,,BullRa00,13961.0,1099.0,11,"https://static.www.nfl.com/image/private/f_auto,q_auto/league/pim6xbwsdnk5xwhlwde8",,18,REG,R01,Randy,BUL521842,38691,32004255-4c52-1842-b35e-9d2f6350e85f,2012,2012.0,HOU,161.0
2023,NYG,OL,G,67.0,ACT,Justin Pugh,Justin,Pugh,1990-08-15,77.0,311,Syracuse,00-0030585,,,,,,,,,10,"https://static.www.nfl.com/image/upload/f_auto,q_auto/league/vjpj5hrfb568u8ni8bvs",G,18,REG,A01,Justin,PUG243645,39965,32005055-4724-3645-b43d-c9bf6229b7dd,2013,2013.0,NYG,19.0
2023,NYG,LS,LS,59.0,ACT,Casey Kreiter,Casey,Kreiter,1990-08-13,73.0,250,Iowa,00-0030957,,,,,,,,,9,"https://static.www.nfl.com/image/private/f_auto,q_auto/league/jku51dz0crpiieloc1de",,18,REG,A01,Casey,KRE233600,41797,32004b52-4523-3600-312f-642e8b6af048,2014,2014.0,,
2023,NYG,OL,G,64.0,ACT,Mark Glowinski,Mark,Glowinski,1992-05-03,76.0,310,West Virginia,00-0031581,,,,,,,,,8,"https://static.www.nfl.com/image/private/f_auto,q_auto/league/ldqr5jlk57a6nrha4u8w",G,18,REG,A01,Mark,GLO738436,42477,3200474c-4f73-8436-a1e9-e344d00ab8e6,2015,2015.0,SEA,134.0
2023,NYG,DB,SS,21.0,CUT,Bobby McCain,Bobby,McCain,1993-08-18,69.0,192,Memphis,00-0031587,2575606.0,7f32c3e6-113f-4922-b51d-a1a5a1d43bcf,28533.0,10422.0,9578.0,McCaBo01,16905.0,2448.0,8,"https://static.www.nfl.com/image/private/f_auto,q_auto/league/pc682fa6jgogwbo6szpy",,15,REG,W03,Bobby,MCC050868,42488,32004d43-4305-0868-e824-2f8ef4ae600c,2015,2015.0,MIA,145.0
2023,NYG,TE,TE,12.0,ACT,Darren Waller,Darren,Waller,1992-09-13,78.0,255,Georgia Tech,00-0031610,2576925.0,14c97c9f-26e8-4944-9299-f90de6aeada3,28592.0,10215.0,9637.0,WallDa01,16964.0,2505.0,8,"https://static.www.nfl.com/image/private/f_auto,q_auto/league/qqzht46a66zbi9xyylf4",TE,18,REG,A01,Darren,WAL509040,42547,32005741-4c50-9040-67d6-042691fb535a,2015,2015.0,BAL,204.0
2023,NYG,DL,NT,93.0,ACT,Rakeem Nunez-Roches,Rakeem,Nunez-Roches,1993-07-03,74.0,307,Southern Mississippi,00-0031957,2575453.0,d6ce0b64-9526-4983-8c3c-7f14f2918f8e,28605.0,10339.0,9650.0,NuneRa00,17512.0,2993.0,8,"https://static.www.nfl.com/image/private/f_auto,q_auto/league/npr1srt57gl9p8caixpo",INTERIOR_LINE,18,REG,A01,Rakeem,NUN250521,42560,32004e55-4e25-0521-92d6-3fde26feb3fc,2015,2015.0,KC,217.0
2023,NYG,WR,WR,3.0,ACT,Sterling Shepard,Sterling,Shepard,1993-02-10,70.0,201,Oklahoma,00-0032385,2976592.0,1ffc735b-74d8-44d2-ab32-00c5485c799f,29274.0,10988.0,10674.0,ShepSt00,17961.0,3200.0,7,"https://static.www.nfl.com/image/private/f_auto,q_auto/league/qbsz1nkk6lnudmcwimer",WR,18,REG,A01,Sterling,SHE495754,43329,32005348-4549-5754-5697-2a8312edc489,2016,2016.0,NYG,40.0
2023,NYG,DL,DT,91.0,ACT,A'Shawn Robinson,A'Shawn,Robinson,1995-03-21,75.0,330,Alabama,00-0032889,3054857.0,3f44e069-a9c7-40dc-bfa9-cd403ee9cdbd,29280.0,11162.0,10680.0,RobiAS00,17979.0,3218.0,7,"https://static.www.nfl.com/image/private/f_auto,q_auto/league/qgiwxchd1lmgszfunys8",INTERIOR_LINE,18,REG,A01,A'Shawn,ROB367960,43335,3200524f-4236-7960-bf20-bc060ac0f49c,2016,2016.0,DET,46.0
2023,NYG,DL,DT,96.0,CUT,Vernon Butler,Vernon,Butler,1994-06-14,76.0,330,Louisiana Tech,00-0032967,2971883.0,73e84e89-4bd3-480e-b862-68502c8c295a,29264.0,10931.0,10664.0,ButlVe00,17944.0,3183.0,7,"https://static.www.nfl.com/image/private/f_auto,q_auto/league/spxzurteytkysxgspmze",,1,REG,R01,Vernon,BUT599965,43319,32004255-5459-9965-a779-9f97c4e4b972,2016,2016.0,CAR,30.0
2023,NYG,DL,DE,55.0,ACT,Jihad Ward,Jihad,Ward,1994-05-11,77.0,287,Illinois,00-0033046,3115914.0,852b00dd-fd1c-4edb-809d-912a6472cd07,29278.0,10891.0,10678.0,WardJi02,17978.0,3217.0,7,"https://static.www.nfl.com/image/private/f_auto,q_auto/league/woivzfnzublubulaiox1",EDGE,18,REG,A01,Jihad,WAR208421,43333,32005741-5220-8421-e203-445db831af6b,2016,2016.0,OAK,44.0
2023,NYG,RB,RB,31.0,ACT,Matt Breida,Matthew,Breida,1995-02-28,70.0,190,Georgia Southern,00-0033308,3049916.0,6249d2c0-75dc-4586-943b-1c103a9eb419,30552.0,12289.0,12271.0,BreiMa00,19319.0,4455.0,6,"https://static.www.nfl.com/image/private/f_auto,q_auto/league/rc4m1xw0xmtsrxswd0bg",RB,18,REG,A01,Matt,BRE256819,45186,32004252-4525-6819-f4e3-f343a391cdbd,2017,2017.0,,
2023,NYG,OL,C,65.0,ACT,Sean Harlow,Sean,Harlow,1995-03-28,76.0,284,Oregon State,00-0033511,,,,,,,,,6,"https://static.www.nfl.com/image/private/f_auto,q_auto/league/zumjqygjzqrwtccm5jco",,18,REG,A01,Sean,HAR186238,44949,32004841-5218-6238-b778-0fcf6913d5ff,2017,2017.0,ATL,136.0
2023,NYG,LB,ILB,57.0,RES,Jarrad Davis,Jarrad,Davis,1994-11-16,73.0,245,Florida,00-0033539,3054951.0,808fe9a2-51dc-4d22-8f09-da1857b5a699,30134.0,11966.0,11776.0,DaviJa01,18913.0,4067.0,6,"https://static.www.nfl.com/image/private/f_auto,q_auto/league/aojjnufhksozv3ztodf2",,18,REG,R01,Jarrad,DAV429215,44833,32004441-5642-9215-2cff-c5c8b72a9f33,2017,2017.0,DET,21.0
2023,NYG,DB,CB,22.0,ACT,Adoree' Jackson,Adoree',Jackson,1995-09-18,71.0,185,Southern California,00-0033878,3120347.0,6db40c6e-7d09-486e-b80d-1d8008547250,30131.0,12018.0,11773.0,JackAd00,18924.0,4078.0,6,"https://static.www.nfl.com/image/private/f_auto,q_auto/league/wz7ftjbrza2khve21rpl",CB,18,REG,A01,Adoree',JAC014782,44830,32004a41-4301-4782-dca8-226b6841f848,2017,2017.0,TEN,18.0
2023,NYG,OL,C,63.0,RES,J.C. Hassenauer,James,Hassenauer,1995-09-15,74.0,295,Alabama,00-0034142,,,,,,,,,5,"https://static.www.nfl.com/image/private/f_auto,q_auto/league/wdpmn7lpbhcwmpkhomn1",,18,REG,R01,J.C.,HAS586176,46404,32004841-5358-6176-f51b-0b172808e017,2018,2018.0,,
2023,NYG,RB,RB,26.0,ACT,Saquon Barkley,Saquon,Barkley,1997-02-09,72.0,233,Penn State,00-0034844,3929630.0,9811b753-347c-467a-b3cb-85937e71e2b9,30972.0,12507.0,45791.0,BarkSa00,19766.0,4866.0,5,"https://static.www.nfl.com/image/private/f_auto,q_auto/league/o8tlhps5u1tvnaaxlpjk",RB,18,REG,A01,Saquon,BAR192674,46071,32004241-5219-2674-af43-1519254e563d,2018,2018.0,NYG,2.0
2023,NYG,P,P,6.0,ACT,Jamie Gillan,Jamie,Gillan,1997-07-04,73.0,207,Arkansas-Pine Bluff,00-0035042,3936185.0,bc63567a-81e7-44c9-a85f-8aa9532ab4fd,32277.0,14147.0,63303.0,,21279.0,6452.0,4,"https://static.www.nfl.com/image/private/f_auto,q_auto/league/fhwbrytkidc2slpjlazg",,18,REG,A01,Jamie,GIL360851,48139,32004749-4c36-0851-b4c7-2a00f630b4d8,2019,2019.0,,
2023,NYG,OL,T,70.0,ACT,Yodny Cajuste,Yodny,Cajuste,1996-02-21,77.0,310,West Virginia,00-0035252,,,,,,,,,4,"https://static.www.nfl.com/image/private/f_auto,q_auto/league/rv5oywbqixdc6eoubqgy",,18,REG,A01,Yodny,CAJ333394,47884,32004341-4a33-3394-bb4f-0a3343b45ede,2019,2019.0,NE,101.0
2023,NYG,TE,TE,89.0,RES,Tommy Sweeney,Tommy,Sweeney,1995-07-01,77.0,251,Boston College,00-0035308,3122818.0,ec63ee49-3a03-44ca-a083-3916f0bccd76,32060.0,13667.0,47216.0,SweeTo00,20957.0,6137.0,4,"https://static.www.nfl.com/image/private/f_auto,q_auto/league/tw1tgrqwyiadl4kweuf6",,12,REG,R27,Tommy,SWE393041,48011,32005357-4539-3041-578e-743d87b9a544,2019,2019.0,BUF,228.0
2023,NYG,OL,T,77.0,DEV,Joshua Miles,Joshua,Miles,1996-01-04,77.0,314,Morgan State,00-0035317,,,,,,,,,4,"https://static.www.nfl.com/image/private/f_auto,q_auto/league/nhjr6xamemtgfue5eaui",,18,REG,P07,Joshua,MIL052714,48031,32004d49-4c05-2714-f8cb-fbbd020b89ca,2019,2019.0,ARI,248.0
2023,NYG,TE,TE,85.0,CUT,Chris Myarick,Chris,Myarick,1995-10-06,77.0,255,Temple,00-0035345,3138744.0,002adaa8-5dc2-4b4b-95bc-53a38dce3849,32442.0,14282.0,47358.0,,21531.0,6529.0,4,"https://static.www.nfl.com/image/private/f_auto,q_auto/league/exwqvc1wszmrf44sp1us",,11,REG,W03,Chris,MYA415291,48475,32004d59-4141-5291-44ca-755f5b2afd68,2019,2019.0,,
2023,NYG,TE,TE,84.0,INA,Tyree Jackson,Tyree,Jackson,1997-11-07,79.0,249,Buffalo,00-0035356,3916564.0,2fc1c9f1-9e85-449a-9a87-fa8203e8e8f9,32415.0,13551.0,46481.0,,20823.0,6040.0,4,"https://static.www.nfl.com/image/private/f_auto,q_auto/league/kv3usy5bsdwz0nvo7x0v",,18,REG,A01,Tyree,JAC611082,48486,3200474f-5204-5716-a75e-4ec8e313a651,2019,2019.0,,
2023,NYG,WR,WR,86.0,ACT,Darius Slayton,Darius,Slayton,1997-01-12,73.0,190,Auburn,00-0035535,3916945.0,82ed30a5-54a8-4ed0-b040-99c3a78fb055,32003.0,13522.0,25578.0,SlayDa01,20943.0,6149.0,4,"https://static.www.nfl.com/image/private/f_auto,q_auto/league/emmy86blz71njkcr496b",WR,18,REG,A01,Darius,SLA500077,47954,3200534c-4150-0077-315f-47cff2877b23,2019,2019.0,NYG,171.0
2023,NYG,WR,WR,0.0,INA,Parris Campbell,Parris,Campbell,1997-07-16,72.0,205,Ohio State,00-0035639,3121410.0,db0c3b1c-8d18-435a-864a-cdd696f963b6,31891.0,13525.0,47940.0,CampPa00,21005.0,5880.0,4,"https://static.www.nfl.com/image/private/f_auto,q_auto/league/plnptpz1flhijayvb0qv",,18,REG,A01,Parris,CAM230411,47842,32004341-4d23-0411-19c3-b6e460708ae9,2019,2019.0,IND,59.0
2023,NYG,WR,WR,80.0,ACT,Gunner Olszewski,Kaleb,Olszewski,1996-11-26,72.0,190,Bemidji State,00-0035645,4424106.0,625a1777-dd9a-48c6-b512-c450b0914450,32612.0,14318.0,95015.0,OlszGu00,21601.0,6699.0,4,"https://static.www.nfl.com/image/private/f_auto,q_auto/league/asw7wncrfj1rzeknctpd",SLOT_WR,18,REG,A01,Gunner,OLS746941,48988,32004f4c-5374-6941-75b1-22a2662014a2,2019,2019.0,,
2023,NYG,DL,NT,97.0,ACT,Dexter Lawrence,Dexter,Lawrence,1997-11-12,76.0,342,Clemson,00-0035683,4035483.0,31bd7a4c-8eaf-4ea3-871c-b44420c804f8,31849.0,13568.0,25991.0,LawrDe03,20852.0,5847.0,4,"https://static.www.nfl.com/image/private/f_auto,q_auto/league/mq1gfsw7gfz3jithkivb",INTERIOR_LINE,18,REG,A01,Dexter,LAW288048,47800,32004c41-5728-8048-d62b-e09e0d1d71d6,2019,2019.0,NYG,17.0
2023,NYG,LB,MLB,58.0,ACT,Bobby Okereke,Robert,Okereke,1996-07-29,73.0,234,Stanford,00-0035687,3117253.0,6c338c70-42d9-4d35-bf87-04fe7e2f690a,31921.0,13782.0,50954.0,OkerBo00,20897.0,5944.0,4,"https://static.www.nfl.com/image/private/f_auto,q_auto/league/igvvbovmngctf1lfpz1t",MLB,18,REG,A01,Bobby,OKE400459,47872,32004f4b-4540-0459-e914-d34827147fed,2019,2019.0,IND,89.0
2023,NYG,LB,OLB,53.0,DEV,Oshane Ximines,Oshane,Ximines,1996-12-07,76.0,250,Old Dominion,00-0035708,3123233.0,9898a791-ba28-4a68-beee-ad12f61af7db,31927.0,13891.0,48538.0,XimiOs00,21000.0,6132.0,4,"https://static.www.nfl.com/image/private/f_auto,q_auto/league/prrxhzpeo2lyxq2cddak",,12,REG,P07,Oshane,XIM308281,47878,32005849-4d30-8281-ff5a-2f0f08abb7f2,2019,2019.0,NYG,95.0
2023,NYG,QB,QB,8.0,RES,Daniel Jones,Daniel,Jones,1997-05-27,77.0,220,Duke,00-0035710,3917792.0,0042266b-cb28-4012-bfd2-06650badad97,31838.0,13491.0,39395.0,JoneDa05,20841.0,5870.0,4,"https://static.www.nfl.com/image/private/f_auto,q_auto/league/zrhniboizqpxtdyz6gez",,18,REG,R01,Daniel,JON165462,47789,32004a4f-4e16-5462-39a4-3b4fa743c66f,2019,2019.0,NYG,6.0
2023,NYG,LB,ILB,48.0,CUT,Ray Wilborn,Ray,Wilborn,1997-04-01,76.0,224,Ball State,00-0035790,4361650.0,91584998-260d-4d2e-a154-e4b6f7886ff0,33067.0,15001.0,77573.0,,22187.0,7185.0,3,"https://static.www.nfl.com/image/private/f_auto,q_auto/league/w9rkplch2g3kj3fmquwm",,1,REG,W03,Ray,WIL001413,52692,32005749-4c00-1413-6b8a-1fa2f3d93770,2020,2020.0,,
2023,NYG,OL,G,68.0,ACT,Ben Bredeson,Ben,Bredeson,1998-02-20,77.0,325,Michigan,00-0036132,,,,,,,,,3,"https://static.www.nfl.com/image/private/f_auto,q_auto/league/r6gskc3hnhxqbks172ml",C,18,REG,A01,Ben,BRE054642,52551,32004252-4505-4642-6b12-aa127a40c235,2020,2020.0,BAL,143.0
2023,NYG,TE,TE,83.0,RES,Lawrence Cager,Lawrence,Cager,1997-08-20,77.0,220,Georgia,00-0036145,3917849.0,2f2181f8-cb0a-42e4-9468-17f5f5a219cc,33329.0,14597.0,34914.0,,21728.0,7106.0,3,"https://static.www.nfl.com/image/private/f_auto,q_auto/league/cpp66fc1nu5bnbj5padq",,18,REG,R01,Lawrence,CAG158115,53047,32004341-4715-8115-bb5b-4a6b80b34c60,2020,2020.0,,
2023,NYG,WR,WR,18.0,ACT,Isaiah Hodgins,Isaiah,Hodgins,1998-10-21,75.0,209,Oregon State,00-0036165,4242540.0,1d1c217b-6407-40d7-aebb-ba95fa05d127,32877.0,14356.0,52130.0,HodgIs00,21760.0,6920.0,3,"https://static.www.nfl.com/image/private/f_auto,q_auto/league/ae9jnxdsftbmvgwgtnug",WR,18,REG,A01,Isaiah,HOD537222,52615,3200484f-4453-7222-c7f0-678f7be73ebc,2020,2020.0,BUF,207.0
2023,NYG,DL,DT,72.0,CUT,Kobe Smith,Kobe,Smith,1998-06-23,74.0,300,South Carolina,00-0036180,4038840.0,fa1bd78e-99e4-4745-9896-cfea01392038,33346.0,15162.0,28488.0,,22423.0,7444.0,3,"https://static.www.nfl.com/image/private/f_auto,q_auto/league/juqzah6scwug5cawh41m",,1,REG,W03,Kobe,SMI462933,53072,3200534d-4946-2933-99d1-21db455b6bcb,2020,2020.0,,
2023,NYG,OL,T,79.0,RES,Tyre Phillips,Tyre,Phillips,1997-01-29,77.0,345,Mississippi State,00-0036214,,,,,,,,,3,"https://static.www.nfl.com/image/private/f_auto,q_auto/league/dbjc0nonvxmz36umyyuk",,18,REG,R01,Tyre,PHI657661,52514,32005048-4965-7661-7c59-fd64f666d20f,2020,2020.0,BAL,106.0
2023,NYG,QB,QB,9.0,INA,Jacob Eason,Jacob,Eason,1997-11-17,78.0,227,Washington,00-0036226,4035003.0,060d05d6-aa31-4571-9f91-12c8050b6aaf,32792.0,14401.0,46444.0,EasoJa00,21820.0,6823.0,3,"https://static.www.nfl.com/image/private/f_auto,q_auto/league/e2qgyhtngjk0llvaswxe",,18,REG,A01,Jacob,EAS382386,52530,32004541-5338-2386-3401-72035bd47e1c,2020,2020.0,IND,122.0
2023,NYG,DB,CB,27.0,DEV,Stantley Thomas-Oliver,Stantley,Thomas-Oliver,1998-06-04,72.0,184,Florida International,00-0036315,4046353.0,6c162e60-0d39-46b4-bd8d-d2f3c6d6c7e5,32891.0,14707.0,,ThomSt00,22088.0,7137.0,3,"https://static.www.nfl.com/image/private/f_auto,q_auto/league/yclgagxypre3gpqh4lth",,18,REG,P07,Stantley,THO421309,52629,32005448-4f42-1309-4f2d-70068c496959,2020,2020.0,CAR,221.0
2023,NYG,LB,MLB,19.0,ACT,Isaiah Simmons,Isaiah,Simmons,1998-07-26,76.0,225,Clemson,00-0036356,4035462.0,b87d80b7-f129-4f3d-938a-1272f8122589,32678.0,14525.0,42451.0,SimmIs00,22004.0,6781.0,3,"https://static.www.nfl.com/image/upload/f_auto,q_auto/league/xbrxfzpxow2badz8yrbl",OLB,18,REG,A01,Isaiah,SIM182419,52416,32005349-4d18-2419-c53f-8beeda539963,2020,2020.0,ARI,8.0
2023,NYG,OL,T,78.0,ACT,Andrew Thomas,Andrew,Thomas,1999-01-22,77.0,326,Georgia,00-0036386,,,,,,,,,3,"https://static.www.nfl.com/image/private/f_auto,q_auto/league/eehosdvlvbqm796gczaq",T,18,REG,A01,Andrew,THO025763,52412,32005448-4f02-5763-1c5b-1459b2c5ddf0,2020,2020.0,NYG,4.0
2023,NYG,DB,FS,29.0,ACT,Xavier McKinney,Xavier,McKinney,1999-08-09,72.0,197,Alabama,00-0036388,4241470.0,dbeff2ee-8d26-48f3-b345-3cd88c374c87,32706.0,14617.0,55775.0,McKiXa00,21936.0,6788.0,3,"https://static.www.nfl.com/image/private/f_auto,q_auto/league/nbdvico1jandgnzhgwji",SAFETY,18,REG,A01,Xavier,MCK548765,52444,32004d43-4b54-8765-a6d9-55ca05502e6b,2020,2020.0,NYG,36.0
2023,NYG,OL,T,74.0,ACT,Matt Peart,Matthew,Peart,1997-06-11,79.0,303,Connecticut,00-0036392,,,,,,,,,3,"https://static.www.nfl.com/image/private/f_auto,q_auto/league/p8r10zxdwdn7hoat7mub",T,18,REG,A01,Matt,PEA634229,52507,32005045-4163-4229-79fd-743221e3c286,2020,2020.0,NYG,99.0
2023,NYG,DB,CB,30.0,ACT,Darnay Holmes,Darnay,Holmes,1998-06-23,70.0,198,UCLA,00-0036394,4242973.0,8e19d167-cee8-4048-8f28-d476b11ec330,32780.0,14535.0,56247.0,HolmDa01,22050.0,6882.0,3,"https://static.www.nfl.com/image/private/f_auto,q_auto/league/uisr2yee89fwonfwihnv",CB,18,REG,A01,Darnay,HOL519082,52518,3200484f-4c51-9082-f3ad-ff2c44591d4c,2020,2020.0,NYG,110.0
2023,NYG,OL,G,66.0,RES,Shane Lemieux,Shane,Lemieux,1997-05-12,76.0,317,Oregon,00-0036397,,,,,,,,,3,"https://static.www.nfl.com/image/private/f_auto,q_auto/league/tpcv8cgbmtto0otpmztu",,18,REG,R01,Shane,LEM289885,52558,32004c45-4d28-9885-7e91-71edd7d31c9a,2020,2020.0,NYG,150.0
2023,NYG,LB,MLB,47.0,ACT,Cam Brown,Cameron,Brown,1998-04-01,77.0,233,Penn State,00-0036400,4045165.0,65533cd0-792b-42cb-808f-18cbac2e51cb,32852.0,14596.0,42516.0,BrowCa01,21978.0,7020.0,3,"https://static.www.nfl.com/image/private/f_auto,q_auto/league/bcipmrmxcpwso86a0qma",,18,REG,A01,Cam,BRO287602,52591,32004252-4f28-7602-da68-e57df3d46cdb,2020,2020.0,NYG,183.0
2023,NYG,LB,MLB,52.0,ACT,Carter Coughlin,Carter,Coughlin,1997-07-20,75.0,245,Minnesota,00-0036402,4034766.0,d2f9e776-11e2-47ce-82fd-60908aeb2769,32888.0,14580.0,43498.0,CougCa00,21902.0,7011.0,3,"https://static.www.nfl.com/image/private/f_auto,q_auto/league/dkqc1nqlaetytdwyf15x",,18,REG,A01,Carter,COU057248,52626,3200434f-5505-7248-98b5-e1e661c55f10,2020,2020.0,NYG,218.0
2023,NYG,RB,RB,34.0,DEV,Deon Jackson,Deon,Jackson,1999-02-18,72.0,220,Duke,00-0036493,4240455.0,3833681f-0164-4dbf-bfae-ea33115daafb,33798.0,15635.0,57189.0,JackDe02,,7551.0,2,"https://static.www.nfl.com/image/private/f_auto,q_auto/league/wvi0pz27h6t7gfjujxis",,18,REG,P06,Deon,JAC126714,53703,32004a41-4312-6714-526c-5f2fe97ca0c1,2021,2021.0,,
2023,NYG,DB,SS,27.0,RES,Jason Pinnock,Jason,Pinnock,1999-06-30,72.0,205,Pittsburgh,00-0036502,4240706.0,8ca53dc6-9a7f-41a6-9b69-d199a6784013,33563.0,15532.0,56144.0,PinnJa01,,7816.0,2,"https://static.www.nfl.com/image/private/f_auto,q_auto/league/xu8pcirpwebettfpr9co",,18,REG,R01,Jason,PIN757046,53604,32005049-4e75-7046-17a6-92c57382f4b9,2021,2021.0,NYJ,175.0
2023,NYG,DL,DE,51.0,ACT,Azeez Ojulari,Azeez,Ojulari,2000-06-16,75.0,250,Georgia,00-0036552,4379409.0,78af6ab8-1003-423d-b29b-111d8f4d45ad,33438.0,15355.0,81959.0,OjulAz00,,7653.0,2,"https://static.www.nfl.com/image/private/f_auto,q_auto/league/k41l7r8hicknnv9bu59h",EDGE,18,REG,A01,Azeez,OJU415291,53479,32004f4a-5541-5291-d003-ed4598630587,2021,2021.0,NYG,50.0
2023,NYG,LB,OLB,45.0,ACT,Carlos Basham,Carlos,Basham,1997-12-16,75.0,273,Wake Forest,00-0036553,4037239.0,18eae132-a14e-4de6-bae2-77c9ce8f5864,33449.0,15260.0,44320.0,BashCa00,,7646.0,2,"https://static.www.nfl.com/image/private/f_auto,q_auto/league/c3f39wokidtacmi8wadr",EDGE,18,REG,A01,Carlos,BAS141481,53490,32004241-5314-1481-9904-6347892079b0,2021,2021.0,BUF,61.0
2023,NYG,RB,RB,23.0,RES,Gary Brightwell,Gary,Brightwell,1998-02-28,73.0,218,Arizona,00-0036569,4245645.0,94bde2c7-7229-4bf0-a545-5950cf3c7927,33584.0,15343.0,57133.0,BrigGa00,,7529.0,2,"https://static.www.nfl.com/image/private/f_auto,q_auto/league/bxamrjik6crlgdk7tib4",,18,REG,R48,Gary,BRI306021,53625,32004252-4930-6021-4b99-ec388b94f0eb,2021,2021.0,NYG,196.0
2023,NYG,DB,CB,44.0,ACT,Nick McCloud,Nick,McCloud,1998-07-09,73.0,190,Notre Dame,00-0036589,4036169.0,09dc5222-9669-4aba-9b67-dc87dfcf01fc,33818.0,15509.0,49535.0,McClNi00,,7974.0,2,"https://static.www.nfl.com/image/private/f_auto,q_auto/league/f7ngle2swncyfm3cb3az",CB,18,REG,A01,Nick,MCC416703,53854,32004d43-4341-6703-c290-a4711dbcb94e,2021,2021.0,,
2023,NYG,DB,CB,33.0,RES,Aaron Robinson,Aaron,Robinson,1997-11-10,73.0,193,Central Florida,00-0036899,4040979.0,e63d2781-66d7-4e29-ae56-292fb282a5ed,33459.0,15445.0,,RobiAa00,,7668.0,2,"https://static.www.nfl.com/image/private/f_auto,q_auto/league/dblt920y18bisodimwdl",,18,REG,R04,Aaron,ROB365069,53500,3200524f-4236-5069-9008-8d8382cf0cb0,2021,2021.0,NYG,71.0
2023,NYG,OL,G,62.0,DEV,Jalen Mayfield,Jalen,Mayfield,2000-05-23,77.0,320,Michigan,00-0036947,,,,,,,,,2,"https://static.www.nfl.com/image/private/f_auto,q_auto/league/knin7dvyouso25fsglde",,18,REG,P06,Jalen,MAY488697,53497,32004d41-5948-8697-50a8-55254b30dba6,2021,2021.0,ATL,68.0
2023,NYG,OL,G,67.0,RES,Wyatt Davis,Wyatt,Davis,1999-02-17,76.0,310,Ohio State,00-0037006,,,,,,,,,2,"https://static.www.nfl.com/image/private/f_auto,q_auto/league/utotxxt4jyk6ompfvipx",,18,REG,R01,Wyatt,DAV814602,53515,32004441-5681-4602-9757-9e8cd641cf0d,2021,2021.0,MIN,86.0
2023,NYG,DL,NT,71.0,CUT,Donovan Jeter,Donovan,Jeter,,75.0,325,Michigan,00-0037046,,,,,,,,,1,,,1,REG,W03,Donovan,JET181277,54733,32004a45-5418-1277-7e48-1c40272124ec,2022,2022.0,,
2023,NYG,LB,MLB,41.0,ACT,Micah McFadden,Micah,McFadden,2000-01-03,74.0,232,Indiana,00-0037259,4371961.0,7642bafd-0974-46f5-9516-fe0c46fedb97,34102.0,16186.0,,McFaMi01,,8396.0,1,"https://static.www.nfl.com/image/private/f_auto,q_auto/league/xpyv9rmsh8apjuqqmjgq",MLB,18,REG,A01,Micah,MCF189074,54611,32004d43-4618-9074-1d3b-5835bc5ff315,2022,2022.0,NYG,146.0
2023,NYG,DL,DT,98.0,ACT,D.J. Davidson,D.J.,Davidson,1999-09-19,75.0,325,Arizona State,00-0037260,4242899.0,f2829cb9-5719-447c-848a-db04af5cee02,34103.0,15937.0,,DaviDJ00,,8262.0,1,"https://static.www.nfl.com/image/private/f_auto,q_auto/league/v221hk4g9q9qcvcostfb",INTERIOR_LINE,18,REG,A01,D.J.,DAV056115,54612,32004441-5605-6115-9c7c-7f852f624e18,2022,2022.0,NYG,147.0
2023,NYG,OL,T,60.0,ACT,Marcus McKethan,Marcus,McKethan,2000-05-19,79.0,330,North Carolina,00-0037279,,,,,,,,,1,"https://static.www.nfl.com/image/private/f_auto,q_auto/league/hsliehq1vywoy9d14tiu",TE,18,REG,A01,Marcus,MCK359274,54638,32004d43-4b35-9274-1b0f-8987c7afb6f8,2022,2022.0,NYG,173.0
2023,NYG,LB,MLB,43.0,ACT,Darrian Beavers,Darrian,Beavers,1999-07-05,76.0,255,Cincinnati,00-0037285,4239121.0,89b3b267-3cc6-4b0d-93c0-867b91dcfeaa,34138.0,15877.0,,BeavDa00,,8292.0,1,"https://static.www.nfl.com/image/private/f_auto,q_auto/league/wbqbuvylxx1k2loq6bvf",,18,REG,A01,Darrian,BEA794435,54647,32004245-4179-4435-46df-ffda0df989a5,2022,2022.0,NYG,182.0
2023,NYG,DB,CB,35.0,CUT,Darren Evans,Darren,Evans,,75.0,174,Louisiana State,00-0037372,,,,,,,,,1,"https://static.www.nfl.com/image/private/f_auto,q_auto/league/npglfehvtc7pfxiwnhsf",,1,REG,W03,Darren,EVA115480,54957,32004556-4111-5480-f705-0542458cfa83,2022,2022.0,,
2023,NYG,RB,RB,35.0,ACT,Jashaun Corbin,Jashaun,Corbin,2000-08-20,72.0,221,Florida State,00-0037410,,f75439c0-d3bb-11ec-96a0-c3471a31202c,34665.0,15980.0,,,,8194.0,1,"https://static.www.nfl.com/image/private/f_auto,q_auto/league/ruppqk56fuctb78gf21p",,18,REG,A01,Jashaun,COR070841,54995,3200434f-5207-0841-ce96-125ad28fb5f4,2022,2022.0,,
2023,NYG,WR,WR,81.0,CUT,Kalil Pimpleton,Kalil,Pimpleton,,69.0,175,Central Michigan,00-0037443,,,,,,,,,1,"https://static.www.nfl.com/image/private/f_auto,q_auto/league/ljkjo23mpfatm28pis1j",,1,REG,W03,Kalil,PIM189231,55028,32005049-4d18-9231-fb1d-280fdba8cf4d,2022,2022.0,,
2023,NYG,LB,OLB,94.0,DEV,Tomon Fox,Tomon,Fox,1998-03-16,74.0,260,North Carolina,00-0037447,4037520.0,9880c110-d3bc-11ec-96a0-c3471a31202c,,16562.0,,FoxxTo00,,8854.0,1,"https://static.www.nfl.com/image/private/f_auto,q_auto/league/u8ynfxadlmh0ygk7fyvj",,18,REG,P06,Tomon,FOX718674,55032,3200464f-5871-8674-6e49-2a3d0e25ce8b,2022,2022.0,,
2023,NYG,DL,DT,76.0,CUT,Kevin Atkins,Kevin,Atkins,,73.0,310,Fresno State,00-0037519,,,,,,,,,1,"https://static.www.nfl.com/image/private/f_auto,q_auto/league/fuxemfiwjuzbyvkknchi",,1,REG,W03,Kevin,ATK314061,55107,32004154-4b31-4061-8e08-f0f00c2b7fb3,2022,2022.0,,
2023,NYG,WR,WR,88.0,DEV,Dennis Houston,Dennis,Houston,1999-04-24,73.0,205,Western Illinois,00-0037570,,2fb00370-d30e-11ec-8b77-45b1765fd110,34592.0,16356.0,,HousDe01,,8801.0,1,"https://static.www.nfl.com/image/private/f_auto,q_auto/league/qngqbjjcg71pcr9z7cbm",,18,REG,P01,Dennis,HOU444022,55158,3200484f-5544-4022-c14e-f5c0289837cf,2022,2022.0,,
2023,NYG,DL,DT,96.0,INA,Timmy Horne,Timmy,Horne,1997-10-25,76.0,321,Kansas State,00-0037585,,16b730e0-cc7f-11ec-8d55-87af3a9174bd,,16494.0,,HornTi00,,8654.0,1,"https://static.www.nfl.com/image/private/f_auto,q_auto/league/aqfvbekixqewna0ghkdz",,18,REG,A01,Timmy,HOR341124,55173,3200484f-5234-1124-e6c0-2c7a6ea3af65,2022,2022.0,,
2023,NYG,LB,OLB,5.0,ACT,Kayvon Thibodeaux,Kayvon,Thibodeaux,2000-12-15,77.0,250,Oregon,00-0037611,4426326.0,47b9a4ca-aad6-41a0-a1b1-d6b2091f0296,33960.0,15854.0,,ThibKa00,,8355.0,1,"https://static.www.nfl.com/image/private/f_auto,q_auto/league/ssdyrj5nmrcos9zv1e4d",EDGE,18,REG,A01,Kayvon,THI172866,54470,32005448-4917-2866-684f-218d97d743dd,2022,2022.0,NYG,5.0
2023,NYG,OL,T,73.0,RES,Evan Neal,Evan,Neal,2000-09-19,79.0,360,Alabama,00-0037612,,,,,,,,,1,"https://static.www.nfl.com/image/private/f_auto,q_auto/league/hilvjfxrmizkdezppvvf",,18,REG,R01,Evan,NEA162928,54472,32004e45-4116-2928-ef52-cc385312d2f6,2022,2022.0,NYG,7.0
2023,NYG,DL,DT,90.0,DEV,Ryder Anderson,Ryder,Anderson,1998-10-15,78.0,266,Indiana,00-0037621,,8c262580-d45d-11ec-a51e-33207d612a74,,16264.0,,AndeRy01,,8874.0,1,"https://static.www.nfl.com/image/private/f_auto,q_auto/league/oekp1khaayq0dyv2y3vk",,18,REG,P01,Ryder,AND490583,55200,3200414e-4449-0583-df36-6bf7ff57ee76,2022,2022.0,,
2023,NYG,LB,OLB,48.0,INA,Benton Whitley,Benton,Whitley,1999-02-12,76.0,250,Holy Cross,00-0037638,,,,,,,,,1,"https://static.www.nfl.com/image/private/f_auto,q_auto/league/cpa2uebn5ggpfgt0ruqf",,18,REG,A01,Benton,WHI664905,55217,32005748-4966-4905-2560-36bcd3e2e369,2022,2022.0,,
2023,NYG,DB,CB,28.0,ACT,Cordale Flott,Cordale,Flott,2001-08-24,73.0,170,Louisiana State,00-0037758,,3adb2e85-ff63-4644-8ca9-a10651e53c04,34037.0,16158.0,,FlotCo00,,8310.0,1,"https://static.www.nfl.com/image/private/f_auto,q_auto/league/i3u7xars1k1hfmmibsfz",SLOT_CB,18,REG,A01,Cordale,FLO224635,54546,3200464c-4f22-4635-a9c1-7923c6eb212a,2022,2022.0,NYG,81.0
2023,NYG,OL,G,75.0,RES,Joshua Ezeudu,Joshua,Ezeudu,1999-09-19,76.0,325,North Carolina,00-0037807,,,,,,,,,1,"https://static.www.nfl.com/image/private/f_auto,q_auto/league/uakgssrfng3kbcmwdujm",,18,REG,R01,Joshua,EZE426541,54532,3200455a-4542-6541-4b5c-8ae0c567f895,2022,2022.0,NYG,67.0
2023,NYG,K,K,99.0,DEV,Cade York,Cade,York,2001-01-27,73.0,198,Louisiana State,00-0038097,4428963.0,ddb98961-3c13-4f6b-9e9f-3bea91a080e8,34080.0,16227.0,,YorkCa00,,8258.0,1,"https://static.www.nfl.com/image/private/f_auto,q_auto/league/cfpgmw8kecr3otnsgx7u",,18,REG,P02,Cade,YOR189231,54589,3200594f-5218-9231-4f07-a8c61570ffb2,2022,2022.0,CLE,124.0
2023,NYG,TE,TE,82.0,ACT,Daniel Bellinger,Daniel,Bellinger,2000-09-22,77.0,255,San Diego State,00-0038115,4361516.0,42a1c03e-790e-46ba-b0d5-d304e44c02c7,34068.0,16036.0,,BellDa00,,8225.0,1,"https://static.www.nfl.com/image/private/f_auto,q_auto/league/wpwgb0plwhhqzlfl2j24",TE,18,REG,A01,Daniel,BEL680916,54577,32004245-4c68-0916-b0c0-d672685a6961,2022,2022.0,NYG,112.0
2023,NYG,WR,WR,17.0,ACT,Wan'Dale Robinson,Charles,Robinson,2001-01-05,68.0,185,Kentucky,00-0038117,4569587.0,582dfe0e-98f3-48a5-8a2d-a52baa926b05,33998.0,15838.0,,RobiWa01,,8126.0,1,"https://static.www.nfl.com/image/private/f_auto,q_auto/league/wjr53ffhc3gunx0fs3kp",SLOT_WR,18,REG,A01,Wan'Dale,ROB717726,54508,3200524f-4271-7726-8cbf-ec8b4c6b1627,2022,2022.0,NYG,43.0
2023,NYG,DB,SS,24.0,ACT,Dane Belton,Dane,Belton,2000-12-07,73.0,205,Iowa,00-0038123,4426686.0,08696187-da1c-41d4-b156-9a9f844e4167,34070.0,16019.0,,BeltDa00,,8395.0,1,"https://static.www.nfl.com/image/private/f_auto,q_auto/league/gbbrqdbqk3izfimmtgbc",SAFETY,18,REG,A01,Dane,BEL779644,54579,32004245-4c77-9644-30b4-fa0c97f77e59,2022,2022.0,NYG,114.0
2023,NYG,RB,RB,20.0,ACT,Eric Gray,Eric,Gray,1999-11-04,70.0,210,Oklahoma,00-0038396,,dcc536c1-36f2-4e34-8028-ccf32d930018,40198.0,16970.0,,GrayEr01,,10223.0,0,"https://static.www.nfl.com/image/private/f_auto,q_auto/league/fnergfmaka2hm9tqrbv8",RB,18,REG,A01,Eric,GRA652870,56037,32004752-4165-2870-85bd-e1a472b80efc,2023,2023.0,NYG,172.0
2023,NYG,DB,CB,37.0,ACT,Tre Hawkins,Tre,Hawkins,2000-08-01,75.0,195,Old Dominion,00-0038403,,a700ea66-61d3-4ca3-bdd5-c537fb2d6ff6,40228.0,17364.0,,HawkTr00,,10993.0,0,"https://static.www.nfl.com/image/private/f_auto,q_auto/league/cmvxjspfnzvkblj73mny",CB,18,REG,A01,Tre,HAW635317,56074,32004841-5763-5317-9487-f6f5e3db4225,2023,2023.0,NYG,209.0
2023,NYG,DB,FS,39.0,ACT,Gervarrius Owens,Gervarrius,Owens,1999-10-14,72.0,200,Houston,00-0038413,,,,,,,,,0,"https://static.www.nfl.com/image/private/f_auto,q_auto/league/rwb5xfwd97ixcrmfk60t",,18,REG,A01,Gervarrius,OWE432476,56119,32004f57-4543-2476-38e7-474f1c8856c7,2023,2023.0,NYG,254.0
2023,NYG,DL,DE,45.0,CUT,Habakkuk Baldonado,Habakkuk,Baldonado,,77.0,260,Pittsburgh,00-0038473,,,,,,,,,0,"https://static.www.nfl.com/image/private/f_auto,q_auto/league/aos6vbhmdsx8fwqom63c",,1,REG,W03,Habakkuk,BAL231813,56228,32004241-4c23-1813-c38d-a9f03986c065,2023,2023.0,,
2023,NYG,QB,QB,15.0,ACT,Tommy DeVito,Tommy,DeVito,1998-08-07,74.0,210,Illinois,00-0038476,,a1ae8db0-eb91-11ed-a4cb-cd397e2b413c,40533.0,16797.0,,DeViTo00,,11292.0,0,"https://static.www.nfl.com/image/private/f_auto,q_auto/league/s0ajgnvtsl98truc5mq6",QB,18,REG,A01,Tommy,DEV303010,56231,32004445-5630-3010-3a66-9815697c810a,2023,2023.0,,
2023,NYG,WR,WR,6.0,RES,Bryce Ford-Wheaton,Bryce,Ford-Wheaton,2000-03-09,75.0,224,West Virginia,00-0038477,,eb139db0-eb91-11ed-bf4f-cdefdf74a897,40529.0,16743.0,,,,9499.0,0,"https://static.www.nfl.com/image/private/f_auto,q_auto/league/h2oherj71t9iiyld4jwc",,18,REG,R01,Bryce,FOR389868,56232,3200464f-5238-9868-32d8-c5dc5e73b834,2023,2023.0,,
2023,NYG,DB,CB,34.0,CUT,Gemon Green,Gemon,Green,,74.0,186,Michigan,00-0038478,,,,,,,,,0,"https://static.www.nfl.com/image/private/f_auto,q_auto/league/gc919za8c4it7a4qqbsq",,1,REG,P01,Gemon,GRE211205,56233,32004752-4521-1205-afd1-5e49353cd082,2023,2023.0,,
2023,NYG,LB,ILB,54.0,DEV,Dyontae Johnson,Dyontae,Johnson,2000-09-28,74.0,230,Toledo,00-0038479,,,,,,,,,0,"https://static.www.nfl.com/image/private/f_auto,q_auto/league/lwi8zm2gaueajtctbt2s",,18,REG,P01,Dyontae,JOH213404,56234,32004a4f-4821-3404-b6a0-7762721ca080,2023,2023.0,,
2023,NYG,TE,TE,49.0,DEV,Ryan Jones,Ryan,Jones,1999-08-20,75.0,231,East Carolina,00-0038480,,,,,,,,,0,"https://static.www.nfl.com/image/private/f_auto,q_auto/league/fktcdiduouxvo9ngygzt",,18,REG,P01,Ryan,JON715780,56235,32004a4f-4e71-5780-e0f7-e9ec0a2fb404,2023,2023.0,,
2023,NYG,LS,LS,48.0,CUT,Cameron Lyons,Cameron,Lyons,,72.0,225,North Carolina-Charlotte,00-0038481,,,,,,,,,0,"https://static.www.nfl.com/image/private/f_auto,q_auto/league/wbzq4i3f8uzblkwj1gwd",,1,REG,W03,Cameron,LYO150108,56236,32004c59-4f15-0108-3072-d8e1246c812a,2023,2023.0,,
2023,NYG,DL,NT,95.0,ACT,Jordon Riley,Jordon,Riley,1998-05-19,77.0,325,Oregon,00-0038506,,a1c5aca4-a0ba-4438-9101-7f85d3af488a,,17414.0,,RileJo00,,11035.0,0,"https://static.www.nfl.com/image/private/f_auto,q_auto/league/rp3khzp5pvryos9ym8gd",INTERIOR_LINE,18,REG,A01,Jordon,RIL285297,56108,32005249-4c28-5297-df04-997322e02752,2023,2023.0,NYG,243.0
2023,NYG,DB,CB,38.0,DEV,Kaleb Hayes,Kaleb,Hayes,1999-03-19,72.0,195,Brigham Young,00-0038668,,,,,,,,,0,"https://static.www.nfl.com/image/private/f_auto,q_auto/league/arzhonmqxp2ghbhza9o5",,18,REG,P01,Kaleb,HAY250195,56358,32004841-5925-0195-48d3-f96cb58fab60,2023,2023.0,,
2023,NYG,DL,DE,69.0,DEV,Jeremiah Martin,Jeremiah,Martin,2000-07-10,76.0,267,Washington,00-0038716,,,,,,,,,0,,,18,REG,P01,Jeremiah,MAR648923,56406,32004d41-5264-8923-6dd4-5ec4d8d8176e,2023,2023.0,,
2023,NYG,WR,WR,13.0,ACT,Jalin Hyatt,Jalin,Hyatt,2001-09-25,72.0,185,Tennessee,00-0038938,,e5f9d339-a89f-4e47-9a84-b89f14550c05,40128.0,16714.0,,HyatJa00,,9497.0,0,"https://static.www.nfl.com/image/private/f_auto,q_auto/league/ibftqfglvcqaipfdnr4f",WR,18,REG,A01,Jalin,HYA420916,55938,32004859-4142-0916-68d0-ff3c547de346,2023,2023.0,NYG,73.0
2023,NYG,WR,WR,83.0,DEV,Dylan Drummond,Dylan,Drummond,2000-01-17,72.0,186,Eastern Michigan,00-0038953,,e34c6990-f35c-11ed-ac5f-715e78829103,40737.0,17626.0,,DrumDy00,,11474.0,0,"https://static.www.nfl.com/image/private/f_auto,q_auto/league/ccgnmd8kjaujdjqqdr7r",,18,REG,P01,Dylan,DRU358601,56665,32004452-5535-8601-b24c-4fcb0891ac83,2023,2023.0,,
2023,NYG,DB,CB,25.0,INA,Deonte Banks,Deonte,Banks,2001-04-03,74.0,205,Maryland,00-0039000,,e905a38b-bf94-4d46-b9e3-a7b534258a20,40053.0,16727.0,,BankDe00,,10878.0,0,"https://static.www.nfl.com/image/private/f_auto,q_auto/league/aywpv9hqkywoi7orqgga",,18,REG,A01,Deonte,BAN462444,55888,32004241-4e46-2444-9957-08e48a0cf8b6,2023,2023.0,NYG,24.0
2023,NYG,OL,C,61.0,INA,John Michael Schmitz,John Michael,Schmitz,1999-04-19,76.0,320,Minnesota,00-0039019,,,,,,,,,0,"https://static.www.nfl.com/image/private/f_auto,q_auto/league/viajsunbxleejrou46vu",,18,REG,A01,John Michael,SCH367249,55922,32005343-4836-7249-e8ba-7c4c69915992,2023,2023.0,NYG,57.0
