Rank,PLAYER,#,POS,#G,OFF,BLK,BLK%,RBLK,PBLK,OFF,RBLK,PBLK,OPP,OPP%,SK,HIT,HUR,PR,EFF,PEN,LT,LG,C,RG,RT,ITE
1,Michael Carter,#22,HB,6,82,8,9.8,4,4,76.6,60.0,80.7,3,5.9,0,0,0,0,100.0,0 (0),0,0,0,0,0,0
2,Damien Williams,#29,HB,3,28,7,25.0,4,3,72.7,59.4,80.2,3,23.1,0,0,0,0,100.0,0 (0),0,0,0,0,0,0
3,Emari Demercado,#31,HB,14,294,63,21.4,16,47,73.4,40.7,74.7,45,21.6,0,0,0,0,100.0,0 (0),0,0,0,0,0,0
4,Jesse Luketa,#43,ED,6,10,10,100.0,8,2,49.5,46.7,74.0,2,100.0,0,0,0,0,100.0,0 (0),0,0,0,0,0,0
5,Will Hernandez,#76,G,17,"1,109","1,109",100.0,438,671,66.2,60.6,70.2,621,100.0,4,6,19,29,97.3,1 (0),0,0,0,"1,109",0,0
6,Trystan Colon,#63,G,11,322,322,100.0,122,200,59.6,55.5,69.2,181,100.0,2,1,6,9,97.0,1 (1),0,315,7,0,0,0
7,Aaron Brewer,#46,LS,3,3,3,100.0,2,1,60.0,60.0,68.7,1,100.0,0,0,0,0,100.0,0 (0),0,0,1,0,0,0
8,Dennis Gardeck,#45,ED,3,3,3,100.0,2,1,60.0,60.0,68.6,1,100.0,0,0,0,0,100.0,0 (0),1,0,0,0,0,0
9,Elijah Higgins,#84,TE,11,191,92,48.2,91,1,63.6,51.1,68.4,1,1.1,0,0,0,0,100.0,2 (0),0,0,0,0,1,107
9,D.J. Humphries,#74,T,15,922,922,100.0,354,568,62.5,56.5,68.4,525,100.0,4,5,19,28,97.0,9 (0),920,0,0,0,0,2
11,Michael Wilson,#14,WR,13,710,267,37.6,266,1,68.3,62.2,68.1,1,0.2,0,0,0,0,100.0,3 (1),0,0,0,0,0,0
12,James Conner,#06,HB,13,531,99,18.6,48,51,89.2,68.9,68.0,45,18.3,0,0,2,2,97.8,0 (0),0,0,0,0,0,0
13,Kelvin Beachum,#68,T,6,212,212,100.0,93,119,61.2,51.7,67.6,111,100.0,2,0,8,10,94.6,1 (0),208,0,0,0,0,4
14,Cameron Thomas,#97,ED,1,1,1,100.0,0,1,60.0,-,67.2,1,100.0,0,0,0,0,100.0,0 (0),0,1,0,0,0,0
14,Victor Dimukeje,#52,ED,3,3,3,100.0,2,1,60.0,60.0,67.2,1,100.0,0,0,0,0,100.0,0 (0),0,0,0,1,0,0
16,Geoff Swaim,#87,TE,14,338,228,67.5,193,35,50.2,47.4,66.6,30,23.1,0,1,1,2,96.7,0 (0),0,0,0,0,0,306
17,Ezekiel Turner,#47,LB,3,3,2,66.7,1,1,65.6,60.0,65.4,1,100.0,0,0,0,0,100.0,0 (0),0,0,0,0,1,0
18,Paris Johnson Jr.,#70,T,17,"1,130","1,130",100.0,445,685,60.1,55.1,64.2,634,100.0,8,8,26,42,96.1,12 (5),0,0,0,0,"1,129",1
19,Hjalte Froholdt,#72,C,17,"1,123","1,123",100.0,444,679,64.1,67.4,61.1,628,100.0,3,4,16,23,97.9,8 (0),0,0,"1,123",0,0,0
20,Keaontay Ingram,#30,HB,7,117,25,21.4,9,16,64.7,66.4,60.8,13,20.3,0,1,1,2,92.3,0 (0),0,0,0,0,0,0
21,Carter O'Donnell,#61,G,5,193,193,100.0,68,125,54.1,50.5,58.4,115,100.0,0,1,8,9,96.1,3 (0),0,170,0,21,0,2
22,Travis Vokolek,#81,TE,2,40,31,77.5,27,4,50.2,56.0,57.9,4,30.8,0,0,0,0,100.0,0 (0),0,0,0,0,0,39
23,Trey McBride,#85,TE,17,785,349,44.5,330,19,76.3,62.3,55.1,15,3.6,0,1,0,1,96.7,8 (0),2,0,0,0,0,447
24,Tony Jones Jr.,#37,HB,3,44,10,22.7,0,10,53.6,-,43.1,10,27.8,0,1,2,3,85.0,0 (0),0,0,0,0,0,0
25,Elijah Wilkinson,#65,G,10,501,501,100.0,216,285,46.2,57.5,40.7,269,100.0,3,4,18,25,94.8,6 (0),0,501,0,0,0,0
26,Dennis Daley,#71,G,3,144,144,100.0,49,95,38.4,42.3,30.9,88,100.0,2,2,3,7,94.9,0 (0),0,144,0,0,0,0
27,Zach Ertz,#86,TE,7,295,95,32.2,92,3,50.8,49.5,29.4,2,1.1,0,0,0,0,100.0,0 (0),0,0,0,0,0,124
28,Blake Whiteheart,#89,TE,1,2,1,50.0,1,0,58.6,60.0,-,0,0.0,0,0,0,0,,0 (0),0,0,0,0,0,2
28,Dan Chisena,#16,WR,1,1,1,100.0,1,0,60.0,60.0,-,0,,0,0,0,0,,0 (0),0,0,0,0,0,0
28,Nolan Cooney,#16,P,1,1,1,100.0,1,0,60.0,60.0,-,0,,0,0,0,0,,0 (0),0,0,0,0,0,0
28,Antonio Hamilton Sr.,#33,CB,1,1,1,100.0,1,0,60.0,60.0,-,0,,0,0,0,0,,0 (0),0,0,0,0,0,0
28,Andre Chachere,#36,S,1,1,1,100.0,1,0,60.0,60.0,-,0,,0,0,0,0,,0 (0),0,0,0,0,0,0
28,Krys Barnes,#51,LB,1,1,1,100.0,1,0,60.0,60.0,-,0,,0,0,0,0,,0 (0),0,0,0,0,0,0
28,Owen Pappoe,#44,LB,2,2,2,100.0,2,0,60.0,60.0,-,0,,0,0,0,0,,0 (0),0,0,0,0,0,0
28,Clayton Tune,#15,QB,7,60,21,35.0,21,0,34.2,60.0,-,0,0.0,0,0,0,0,,0 (0),0,0,0,0,0,0
28,Andre Baccellia,#82,WR,5,49,31,63.3,31,0,55.3,69.9,-,0,0.0,0,0,0,0,,0 (0),0,0,0,0,0,0
28,Zach Pascal,#00,WR,14,201,98,48.8,98,0,47.6,56.9,-,0,0.0,0,0,0,0,,0 (0),0,0,0,0,0,12
28,Greg Dortch,#83,WR,13,399,140,35.1,140,0,68.2,44.9,-,0,0.0,0,0,0,0,,1 (0),0,0,0,0,0,1
28,Joshua Dobbs,#09,QB,8,533,170,31.9,170,0,61.0,60.4,-,0,0.0,0,0,0,0,,2 (0),0,0,0,0,0,0
28,Kyler Murray,#01,QB,8,538,183,34.0,183,0,70.8,60.2,-,0,0.0,0,0,0,0,,5 (1),0,0,0,0,0,0
28,Rondale Moore,#04,WR,17,755,215,28.5,215,0,53.6,54.0,-,0,0.0,0,0,0,0,,0 (0),0,0,0,0,0,1
28,Marquise Brown,#02,WR,14,781,280,35.9,280,0,67.1,48.3,-,0,0.0,0,0,0,0,,4 (1),0,0,0,0,0,0
,,,,,,,,,,,,,,,,,,,,,,,,,,
